{"lr": 0.00997794446709763, "data_time": 0.028635191917419433, "loss": 0.06949323192238807, "decode.loss_ce": 0.04712416008114815, "decode.acc_seg": 83.3465576171875, "aux.loss_ce": 0.022369071561843156, "aux.acc_seg": 85.82763671875, "time": 0.103310227394104, "memory": 19513, "step": 100}
{"lr": 0.009955660594668054, "data_time": 0.006653785705566406, "loss": 0.07079958133399486, "decode.loss_ce": 0.048532425239682195, "decode.acc_seg": 80.7525634765625, "aux.loss_ce": 0.02226715739816427, "aux.acc_seg": 59.954833984375, "time": 0.0802586555480957, "memory": 3597, "step": 200}
{"lr": 0.009933371122565919, "data_time": 0.007916784286499024, "loss": 0.0524177648127079, "decode.loss_ce": 0.036406171321868894, "decode.acc_seg": 79.2236328125, "aux.loss_ce": 0.0160115928389132, "aux.acc_seg": 80.609130859375, "time": 0.0820934534072876, "memory": 3597, "step": 300}
{"lr": 0.009911076035273796, "data_time": 0.009637856483459472, "loss": 0.06785757131874562, "decode.loss_ce": 0.04773490633815527, "decode.acc_seg": 74.7283935546875, "aux.loss_ce": 0.020122665259987117, "aux.acc_seg": 73.797607421875, "time": 0.0826901912689209, "memory": 3597, "step": 400}
{"lr": 0.0098887753171919, "data_time": 0.022172164916992188, "loss": 0.053081593662500384, "decode.loss_ce": 0.037566466815769674, "decode.acc_seg": 75.1312255859375, "aux.loss_ce": 0.015515126939862966, "aux.acc_seg": 78.204345703125, "time": 0.0956620454788208, "memory": 3597, "step": 500}
{"aAcc": 61.15, "mIoU": 12.9, "mAcc": 19.51, "data_time": 0.0010759592056274413, "time": 1.3547476291656495, "step": 500}
{"lr": 0.009866468952637547, "data_time": 0.0054666996002197266, "loss": 0.049938585795462134, "decode.loss_ce": 0.03507382087409496, "decode.acc_seg": 82.0556640625, "aux.loss_ce": 0.01486476520076394, "aux.acc_seg": 81.1492919921875, "time": 0.07941904067993164, "memory": 10062, "step": 600}
{"lr": 0.009844156925844432, "data_time": 0.006289339065551758, "loss": 0.044195642322301866, "decode.loss_ce": 0.0316513329744339, "decode.acc_seg": 89.5782470703125, "aux.loss_ce": 0.012544309720396996, "aux.acc_seg": 90.2008056640625, "time": 0.07994439601898193, "memory": 3597, "step": 700}
{"lr": 0.009821839220962003, "data_time": 0.010547709465026856, "loss": 0.03998075220733881, "decode.loss_ce": 0.02761400304734707, "decode.acc_seg": 80.6976318359375, "aux.loss_ce": 0.012366748694330455, "aux.acc_seg": 79.55322265625, "time": 0.08422167301177978, "memory": 3597, "step": 800}
{"lr": 0.009799515822054777, "data_time": 0.02314040660858154, "loss": 0.03910594154149294, "decode.loss_ce": 0.027120754681527616, "decode.acc_seg": 89.4927978515625, "aux.loss_ce": 0.011985186859965325, "aux.acc_seg": 91.0736083984375, "time": 0.09664280414581299, "memory": 3597, "step": 900}
{"lr": 0.00977718671310168, "data_time": 0.011491990089416504, "loss": 0.042849132977426055, "decode.loss_ce": 0.029442394711077215, "decode.acc_seg": 75.8453369140625, "aux.loss_ce": 0.013406737241894007, "aux.acc_seg": 77.392578125, "time": 0.08580672740936279, "memory": 3597, "step": 1000}
{"aAcc": 69.86, "mIoU": 31.9, "mAcc": 38.81, "data_time": 0.001133894920349121, "time": 0.08382096290588378, "step": 1000}
{"lr": 0.009754851877995354, "data_time": 0.026102375984191895, "loss": 0.03679764419794083, "decode.loss_ce": 0.025781929213553666, "decode.acc_seg": 91.3726806640625, "aux.loss_ce": 0.011015714565292, "aux.acc_seg": 92.4468994140625, "time": 0.10020463466644287, "memory": 3597, "step": 1100}
{"lr": 0.009732511300541468, "data_time": 0.02109792232513428, "loss": 0.04678158927708864, "decode.loss_ce": 0.032689214870333674, "decode.acc_seg": 86.04736328125, "aux.loss_ce": 0.014092374220490455, "aux.acc_seg": 84.844970703125, "time": 0.09575178623199462, "memory": 3597, "step": 1200}
{"lr": 0.009710164964458045, "data_time": 0.023113274574279787, "loss": 0.04319136366248131, "decode.loss_ce": 0.030871317628771065, "decode.acc_seg": 74.13330078125, "aux.loss_ce": 0.012320045521482826, "aux.acc_seg": 73.4649658203125, "time": 0.09725387096405029, "memory": 3597, "step": 1300}
{"lr": 0.009687812853374727, "data_time": 0.03538448810577392, "loss": 0.04247059151530266, "decode.loss_ce": 0.02994129154831171, "decode.acc_seg": 74.7894287109375, "aux.loss_ce": 0.012529300060123205, "aux.acc_seg": 74.01123046875, "time": 0.10986840724945068, "memory": 3597, "step": 1400}
{"lr": 0.009665454950832103, "data_time": 0.026206016540527344, "loss": 0.046510232612490654, "decode.loss_ce": 0.03269971441477537, "decode.acc_seg": 75.6134033203125, "aux.loss_ce": 0.013810517871752382, "aux.acc_seg": 77.6458740234375, "time": 0.09940810203552246, "memory": 3597, "step": 1500}
{"aAcc": 70.97, "mIoU": 31.33, "mAcc": 37.52, "data_time": 0.0012403011322021484, "time": 0.08265981674194336, "step": 1500}
{"lr": 0.009643091240280942, "data_time": 0.018371438980102538, "loss": 0.040268408879637715, "decode.loss_ce": 0.02700148206204176, "decode.acc_seg": 87.2222900390625, "aux.loss_ce": 0.013266927003860474, "aux.acc_seg": 87.603759765625, "time": 0.09255475997924804, "memory": 3597, "step": 1600}
{"lr": 0.009620721705081534, "data_time": 0.010663080215454101, "loss": 0.0454516576603055, "decode.loss_ce": 0.0324328999966383, "decode.acc_seg": 70.2392578125, "aux.loss_ce": 0.013018757896497845, "aux.acc_seg": 71.673583984375, "time": 0.08434426784515381, "memory": 3597, "step": 1700}
{"lr": 0.009598346328502901, "data_time": 0.013173127174377441, "loss": 0.03529749326407909, "decode.loss_ce": 0.02464466681703925, "decode.acc_seg": 83.8165283203125, "aux.loss_ce": 0.010652826307341457, "aux.acc_seg": 82.574462890625, "time": 0.08690671920776367, "memory": 3597, "step": 1800}
{"lr": 0.009575965093722064, "data_time": 0.031238269805908204, "loss": 0.03494588602334261, "decode.loss_ce": 0.024887739215046167, "decode.acc_seg": 87.8265380859375, "aux.loss_ce": 0.010058146761730313, "aux.acc_seg": 88.043212890625, "time": 0.10527009963989258, "memory": 3597, "step": 1900}
{"lr": 0.009553577983823325, "data_time": 0.024486827850341796, "loss": 0.034627585858106616, "decode.loss_ce": 0.02391321761533618, "decode.acc_seg": 85.7086181640625, "aux.loss_ce": 0.010714367544278503, "aux.acc_seg": 83.5174560546875, "time": 0.0983396053314209, "memory": 3597, "step": 2000}
{"aAcc": 77.09, "mIoU": 40.51, "mAcc": 48.49, "data_time": 0.0011552810668945313, "time": 0.09618959426879883, "step": 2000}
{"lr": 0.0095311849817975, "data_time": 0.01628873348236084, "loss": 0.039607500098645686, "decode.loss_ce": 0.027372487261891364, "decode.acc_seg": 80.389404296875, "aux.loss_ce": 0.012235011858865618, "aux.acc_seg": 81.0943603515625, "time": 0.08983228206634522, "memory": 3597, "step": 2100}
{"lr": 0.009508786070541123, "data_time": 0.00882256031036377, "loss": 0.03659698963165283, "decode.loss_ce": 0.02591550275683403, "decode.acc_seg": 95.941162109375, "aux.loss_ce": 0.010681486688554287, "aux.acc_seg": 94.78759765625, "time": 0.08279449939727783, "memory": 3597, "step": 2200}
{"lr": 0.009486381232855704, "data_time": 0.0200531005859375, "loss": 0.03843000400811434, "decode.loss_ce": 0.02753536058589816, "decode.acc_seg": 89.7979736328125, "aux.loss_ce": 0.010894643329083919, "aux.acc_seg": 91.0736083984375, "time": 0.09473552703857421, "memory": 3597, "step": 2300}
{"lr": 0.009463970451446941, "data_time": 0.0126389741897583, "loss": 0.028998319618403913, "decode.loss_ce": 0.020087400637567043, "decode.acc_seg": 91.19873046875, "aux.loss_ce": 0.008910918748006225, "aux.acc_seg": 91.656494140625, "time": 0.08630003929138183, "memory": 3597, "step": 2400}
{"lr": 0.009441553708923918, "data_time": 0.012997746467590332, "loss": 0.04218004103749991, "decode.loss_ce": 0.0297846139408648, "decode.acc_seg": 86.3922119140625, "aux.loss_ce": 0.012395426724106073, "aux.acc_seg": 84.5611572265625, "time": 0.0873255729675293, "memory": 3597, "step": 2500}
{"aAcc": 74.03, "mIoU": 42.77, "mAcc": 49.74, "data_time": 0.0013033628463745117, "time": 0.09394667148590088,