{"lr": 2.5863685344827587e-05, "data_time": 0.15850558280944824, "loss": 2.708607053756714, "loss_cls": 2.028785228729248, "loss_bbox": 0.6798218131065369, "time": 0.5191232681274414, "epoch": 1, "memory": 1619, "step": 5}
{"lr": 6.465640086206897e-05, "data_time": 0.14808873696760697, "loss": 2.745350469242443, "loss_cls": 2.0783497203480112, "loss_bbox": 0.6670007597316395, "time": 0.38030494343150745, "epoch": 2, "memory": 1619, "step": 11}
{"lr": 0.00010344911637931034, "data_time": 0.14992788258720846, "loss": 2.7561858261332794, "loss_cls": 2.0954172681359684, "loss_bbox": 0.6607685790342444, "time": 0.33919673807480755, "epoch": 3, "memory": 1619, "step": 17}
{"lr": 0.00014224183189655168, "data_time": 0.14954957754715628, "loss": 2.7483956606491753, "loss_cls": 2.086366223252338, "loss_bbox": 0.6620294477628625, "time": 0.31697792592255963, "epoch": 4, "memory": 1619, "step": 23}
{"lr": 0.000181034547413793, "data_time": 0.1478895565559124, "loss": 2.7409498938198746, "loss_cls": 2.0823163739566146, "loss_bbox": 0.6586335363059208, "time": 0.303162040381596, "epoch": 5, "memory": 1619, "step": 29}
{"lr": 0.0001874999999999999, "data_time": 0.14413907187325614, "loss": 2.7543532439640592, "loss_cls": 2.114054523195539, "loss_bbox": 0.6402987360954284, "time": 0.29184113230024067, "epoch": 6, "memory": 1619, "step": 35}
{"lr": 0.0001874999999999999, "data_time": 0.1432418358035204, "loss": 2.756101329152177, "loss_cls": 2.1375238081304038, "loss_bbox": 0.6185775384670351, "time": 0.28597495614028556, "epoch": 7, "memory": 1619, "step": 41}
{"lr": 0.0001874999999999999, "data_time": 0.14185542248665017, "loss": 2.7304280007139163, "loss_cls": 2.125349427791352, "loss_bbox": 0.6050785817998521, "time": 0.2802235268531962, "epoch": 8, "memory": 1619, "step": 47}
{"lr": 0.0001874999999999999, "data_time": 0.13876320362091066, "loss": 2.6667386722564697, "loss_cls": 2.093237965106964, "loss_bbox": 0.5735007160902024, "time": 0.2501835298538208, "epoch": 9, "memory": 1619, "step": 53}
{"lr": 0.0001874999999999999, "data_time": 0.14037301540374755, "loss": 2.5814001679420473, "loss_cls": 2.0366652107238767, "loss_bbox": 0.5447349607944488, "time": 0.2517645215988159, "epoch": 10, "memory": 1619, "step": 59}
{"coco/bbox_mAP": 0.517, "coco/bbox_mAP_50": 0.652, "coco/bbox_mAP_75": 0.6, "coco/bbox_mAP_s": 0.0, "coco/bbox_mAP_m": 0.321, "coco/bbox_mAP_l": 0.632, "data_time": 0.014252680998582106, "time": 0.02758306723374587, "step": 10}
{"lr": 0.0001874999999999999, "data_time": 0.1422794532775879, "loss": 2.442408792972565, "loss_cls": 1.9275465416908264, "loss_bbox": 0.5148622518777848, "time": 0.2536471366882324, "epoch": 11, "memory": 1619, "step": 65}
{"lr": 0.0001874999999999999, "data_time": 0.1420341634750366, "loss": 2.275992785692215, "loss_cls": 1.8006031250953674, "loss_bbox": 0.4753896605968475, "time": 0.2538671255111694, "epoch": 12, "memory": 1619, "step": 71}
{"lr": 0.0001874999999999999, "data_time": 0.1424487829208374, "loss": 2.110875151157379, "loss_cls": 1.671500676870346, "loss_bbox": 0.4393744701147079, "time": 0.25565447330474855, "epoch": 13, "memory": 1619, "step": 77}
{"lr": 0.0001874999999999999, "data_time": 0.14631789684295654, "loss": 1.8933838570117951, "loss_cls": 1.482932044863701, "loss_bbox": 0.4104518061876297, "time": 0.2591824913024902, "epoch": 14, "memory": 1619, "step": 83}
{"lr": 0.0001874999999999999, "data_time": 0.14512645721435546, "loss": 1.6727404403686523, "loss_cls": 1.2917446845769882, "loss_bbox": 0.38099575161933896, "time": 0.257668080329895, "epoch": 15, "memory": 1619, "step": 89}
{"lr": 0.0001874999999999999, "data_time": 0.15209186553955079, "loss": 1.4632691776752471, "loss_cls": 1.1091729712486267, "loss_bbox": 0.35409620523452756, "time": 0.26436944007873536, "epoch": 16, "memory": 1619, "step": 95}
{"lr": 0.0001874999999999999, "data_time": 0.14909470558166504, "loss": 1.2935906374454498, "loss_cls": 0.9532392168045044, "loss_bbox": 0.340351420044899, "time": 0.2627044534683228, "epoch": 17, "memory": 1619, "step": 101}
{"lr": 0.0001874999999999999, "data_time": 0.1493387508392334, "loss": 1.1407072460651397, "loss_cls": 0.8153110069036483, "loss_bbox": 0.3253962415456772, "time": 0.26214186668395995, "epoch": 18, "memory": 1619, "step": 107}
{"lr": 0.0001874999999999999, "data_time": 0.1489099407196045, "loss": 1.0308947372436523, "loss_cls": 0.7194961047172547, "loss_bbox": 0.3113986361026764, "time": 0.26029004096984865, "epoch": 19, "memory": 1619, "step": 113}
{"lr": 0.0001874999999999999, "data_time": 0.1475321578979492, "loss": 0.9700272595882415, "loss_cls": 0.6726413106918335, "loss_bbox": 0.2973859524726868, "time": 0.2589203596115112, "epoch": 20, "memory": 1619, "step": 119}
{"coco/bbox_mAP": 0.668, "coco/bbox_mAP_50": 0.778, "coco/bbox_mAP_75": 0.763, "coco/bbox_mAP_s": 0.0, "coco/bbox_mAP_m": 0.467, "coco/bbox_mAP_l": 0.762, "data_time": 0.009519696235656738, "time": 0.022506145330575798, "step": 20}
{"lr": 0.00018701210630623673, "data_time": 0.14445588111877442, "loss": 0.8973095285892486, "loss_cls": 0.6107200443744659, "loss_bbox": 0.28658948868513107, "time": 0.255497522354126, "epoch": 21, "memory": 1619, "step": 125}
{"lr": 0.00018446526890387004, "data_time": 0.14257575035095216, "loss": 0.8532468259334565, "loss_cls": 0.5770862221717834, "loss_bbox": 0.27616060614585874, "time": 0.2538144111633301, "epoch": 22, "memory": 1619, "step": 131}
{"lr": 0.00017980014232129403, "data_time": 0.14532715320587158, "loss": 0.814617725610733, "loss_cls": 0.5440776598453522, "loss_bbox": 0.2705400690436363, "time": 0.2568149375915527, "epoch": 23, "memory": 1619, "step": 137}
{"lr": 0.00017313159745763925, "data_time": 0.14017947673797607, "loss": 0.8034852325916291, "loss_cls": 0.5336730432510376, "loss_bbox": 0.269812191426754, "time": 0.2525471305847168, "epoch": 24, "memory": 1619, "step": 143}
{"lr": 0.00016462383601908038, "data_time": 0.13895252227783203, "loss": 0.7861209523677826, "loss_cls": 0.5195128029584885, "loss_bbox": 0.26660815238952634, "time": 0.2512223482131958, "epoch": 25, "memory": 1619, "step": 149}
{"lr": 0.0001544863473278761, "data_time": 0.14041837215423583, "loss": 0.7792409825325012, "loss_cls": 0.5228554505109787, "loss_bbox": 0.25638553470373154, "time": 0.2520738649368286, "epoch": 26, "memory": 1619, "step": 155}
{"lr": 0.00014296874999999998, "data_time": 0.14036211967468262, "loss": 0.7370216399431229, "loss_cls": 0.4925213411450386, "loss_bbox": 0.24450030028820038, "time": 0.2511299180984497, "epoch": 27, "memory": 1619, "step": 161}
{"lr": 0.0001303546455063783, "data_time": 0.14204759120941163, "loss": 0.7122354906797409, "loss_cls": 0.46922467559576037, "loss_bbox": 0.24301081657409668, "time": 0.25335484981536865, "epoch": 28, "memory": 1619, "step": 167}
{"lr": 0.00011695463496345667, "data_time": 0.14208436489105225, "loss": 0.6944010883569718, "loss_cls": 0.4546636685729027, "loss_bbox": 0.2397374215722084, "time": 0.25262577533721925, "epoch": 29, "memory": 1619, "step": 173}
{"lr": 0.00010309867110288716, "data_time": 0.14514896392822266, "loss": 0.6874888104200363, "loss_cls": 0.4469657990336418, "loss_bbox": 0.2405230137705803, "time": 0.25493144035339355, "epoch": 30, "memory": 1619, "step": 179}
{"coco/bbox_mAP": 0.712, "coco/bbox_mAP_50": 0.83, "coco/bbox_mAP_75": 0.8, "coco/bbox_mAP_s": 0.0, "coco/bbox_mAP_m": 0.481, "coco/bbox_mAP_l": 0.816, "data_time": 0.008378909184382511, "time": 0.020729230000422552, "step": 30}
{"lr": 8.912793374022463e-05, "data_time": 0.14386826038360595, "loss": 0.6944132560491562, "loss_cls": 0.4516346678137779, "loss_bbox": 0.24277858793735504, "time": 0.25294132232666017, "epoch": 31, "memory": 1619, "step": 185}
{"lr": 7.538642879555673e-05, "data_time": 0.14550526618957518, "loss": 0.6910699850320816, "loss_cls": 0.448902105987072, "loss_bbox": 0.24216787964105607, "time": 0.2542173910140991, "epoch": 32, "memory": 1619, "step": 191}
{"lr": 6.221251772606156e-05, "data_time": 0.1481851625442505,