{"coco/AP": 0.6579857911246617, "coco/AP .5": 1.0, "coco/AP .75": 0.7857978775631519, "coco/AP (M)": -1.0, "coco/AP (L)": 0.6579857911246617, "coco/AR": 0.7142857142857143, "coco/AR .5": 1.0, "coco/AR .75": 0.8571428571428571, "coco/AR (M)": -1.0, "coco/AR (L)": 0.7142857142857143, "PCK": 0.9523809523809522, "AUC": 0.09971655328798187, "NME": 0.04699088548586752, "data_time": 1.4403223594029744, "time": 1.6241701046625774}