{"lr": 0.01, "data_time": 0.000752711296081543, "loss": 1.7141197800636292, "time": 0.043808484077453615, "epoch": 1, "memory": 2884, "step": 100}
{"accuracy/top1": 51.80180358886719, "accuracy/top5": 85.58558654785156, "data_time": 0.005718612670898437, "time": 0.02127053737640381, "step": 1}
{"lr": 0.01, "data_time": 0.0006878376007080078, "loss": 1.2468593657016753, "time": 0.04356231689453125, "epoch": 2, "memory": 2884, "step": 209}
{"accuracy/top1": 68.46846771240234, "accuracy/top5": 94.93243408203125, "data_time": 0.0044901371002197266, "time": 0.018069243431091307, "step": 2}
{"lr": 0.01, "data_time": 0.0005686521530151367, "loss": 0.9813149034976959, "time": 0.043403100967407224, "epoch": 3, "memory": 2884, "step": 318}
{"accuracy/top1": 64.07657623291016, "accuracy/top5": 92.4549560546875, "data_time": 0.006955623626708984, "time": 0.020601725578308104, "step": 3}
{"lr": 0.01, "data_time": 0.00043025016784667967, "loss": 0.9130142033100128, "time": 0.043366742134094236, "epoch": 4, "memory": 2884, "step": 427}
{"accuracy/top1": 71.28378295898438, "accuracy/top5": 94.25675964355469, "data_time": 0.003653550148010254, "time": 0.01742238998413086, "step": 4}
{"lr": 0.01, "data_time": 0.0006775617599487305, "loss": 0.6011480778455734, "time": 0.043612551689147946, "epoch": 5, "memory": 2884, "step": 536}
{"accuracy/top1": 75.9009017944336, "accuracy/top5": 95.83333587646484, "data_time": 0.00377194881439209, "time": 0.017456364631652833, "step": 5}
{"lr": 0.01, "data_time": 0.0006304264068603515, "loss": 0.5630827426910401, "time": 0.04338128566741943, "epoch": 6, "memory": 2884, "step": 645}
{"accuracy/top1": 77.02702331542969, "accuracy/top5": 96.28378295898438, "data_time": 0.004500341415405273, "time": 0.018289589881896974, "step": 6}
{"lr": 0.01, "data_time": 0.0006166219711303711, "loss": 0.6477993577718735, "time": 0.043523097038269044, "epoch": 7, "memory": 2884, "step": 754}
{"accuracy/top1": 79.84233856201172, "accuracy/top5": 96.62162017822266, "data_time": 0.0014472246170043946, "time": 0.015046238899230957, "step": 7}
{"lr": 0.01, "data_time": 0.0007747650146484375, "loss": 0.5919140875339508, "time": 0.043659210205078125, "epoch": 8, "memory": 2884, "step": 863}
{"accuracy/top1": 79.72972869873047, "accuracy/top5": 96.39639282226562, "data_time": 0.003910636901855469, "time": 0.017711114883422852, "step": 8}
{"lr": 0.01, "data_time": 0.0004406452178955078, "loss": 0.5379954308271409, "time": 0.04341602325439453, "epoch": 9, "memory": 2884, "step": 972}
{"accuracy/top1": 76.35134887695312, "accuracy/top5": 96.84684753417969, "data_time": 0.005428147315979004, "time": 0.01928110122680664, "step": 9}
{"lr": 0.01, "data_time": 0.0006157636642456054, "loss": 0.5227425903081894, "time": 0.04347703456878662, "epoch": 10, "memory": 2884, "step": 1081}
{"accuracy/top1": 80.29279327392578, "accuracy/top5": 96.39639282226562, "data_time": 0.003709745407104492, "time": 0.01714479923248291, "step": 10}
