{"coco/bbox_mAP": 0.792, "coco/bbox_mAP_50": 0.955, "coco/bbox_mAP_75": 0.946, "coco/bbox_mAP_s": -1.0, "coco/bbox_mAP_m": -1.0, "coco/bbox_mAP_l": 0.792, "data_time": 0.2294788360595703, "time": 0.34926186908375134}