{"coco/AP": 0.7366519009477582, "coco/AP .5": 1.0, "coco/AP .75": 0.946852899575672, "coco/AP (M)": -1.0, "coco/AP (L)": 0.7366519009477582, "coco/AR": 0.7880952380952382, "coco/AR .5": 1.0, "coco/AR .75": 0.9523809523809523, "coco/AR (M)": -1.0, "coco/AR (L)": 0.7880952380952382, "PCK": 0.968253968253968, "AUC": 0.14523809523809525, "NME": 0.039371533729051514, "data_time": 0.8685557842254639, "time": 1.0526577234268188}